,lon,lat,elev
0,-122.05221301956323,40.307364740383186,251.484619140625
1,-122.04083803956338,40.107777860405704,175.53269958496094
2,-122.04083803956338,40.120252040404296,264.3357238769531
3,-122.04083803956338,40.19509712039585,399.2467041015625
4,-122.04083803956338,40.20757130039445,263.6100158691406
5,-122.04083803956338,40.24499384039022,320.5847473144531
6,-122.04083803956338,40.307364740383186,248.75006103515625
7,-122.02946305956354,40.107777860405704,143.92108154296875
8,-122.02946305956354,40.120252040404296,289.06060791015625
9,-122.02946305956354,40.13272622040289,334.4134216308594
10,-122.02946305956354,40.18262294039726,231.6999969482422
11,-122.02946305956354,40.19509712039585,408.7751770019531
12,-122.02946305956354,40.20757130039445,210.2834014892578
13,-122.02946305956354,40.23251966039163,326.9525146484375
14,-122.02946305956354,40.24499384039022,352.7561950683594
15,-122.02946305956354,40.25746802038882,421.9070739746094
16,-122.02946305956354,40.294890560384594,415.7889099121094
17,-122.02946305956354,40.307364740383186,337.8165283203125
18,-122.0180880795637,40.107777860405704,166.78524780273438
19,-122.0180880795637,40.120252040404296,295.044677734375
20,-122.0180880795637,40.13272622040289,352.708251953125
21,-122.0180880795637,40.15767458040008,361.64080810546875
22,-122.0180880795637,40.17014876039867,360.3919982910156
23,-122.0180880795637,40.18262294039726,316.2495422363281
24,-122.0180880795637,40.19509712039585,286.0042419433594
25,-122.0180880795637,40.20757130039445,332.9470520019531
26,-122.0180880795637,40.22004548039304,362.5084228515625
27,-122.0180880795637,40.23251966039163,357.62445068359375
28,-122.0180880795637,40.24499384039022,357.4479675292969
29,-122.0180880795637,40.25746802038882,472.2218017578125
30,-122.0180880795637,40.282416380386,465.76513671875
31,-122.0180880795637,40.294890560384594,362.831787109375
32,-122.0180880795637,40.307364740383186,377.42578125
33,-122.00671309956387,40.107777860405704,173.40048217773438
34,-122.00671309956387,40.120252040404296,301.83477783203125
35,-122.00671309956387,40.13272622040289,349.94805908203125
36,-122.00671309956387,40.15767458040008,394.5531005859375
37,-122.00671309956387,40.17014876039867,378.58392333984375
38,-122.00671309956387,40.18262294039726,323.1440734863281
39,-122.00671309956387,40.19509712039585,332.8036804199219
40,-122.00671309956387,40.20757130039445,345.19036865234375
41,-122.00671309956387,40.22004548039304,399.52508544921875
42,-122.00671309956387,40.23251966039163,385.5520324707031
43,-122.00671309956387,40.24499384039022,373.4373779296875
44,-122.00671309956387,40.25746802038882,385.4190673828125
45,-122.00671309956387,40.26994220038741,500.9452209472656
46,-122.00671309956387,40.282416380386,498.2672424316406
47,-122.00671309956387,40.294890560384594,330.56988525390625
48,-122.00671309956387,40.307364740383186,380.2654724121094
49,-121.99533811956402,40.107777860405704,318.1826477050781
50,-121.99533811956402,40.120252040404296,344.2703552246094
51,-121.99533811956402,40.13272622040289,356.8979797363281
52,-121.99533811956402,40.145200400401485,407.91326904296875
53,-121.99533811956402,40.15767458040008,394.8295593261719
54,-121.99533811956402,40.17014876039867,359.869384765625
55,-121.99533811956402,40.18262294039726,428.7936706542969
56,-121.99533811956402,40.19509712039585,387.7109375
57,-121.99533811956402,40.20757130039445,289.4778747558594
58,-121.99533811956402,40.22004548039304,255.65206909179688
59,-121.99533811956402,40.23251966039163,408.8948669433594
60,-121.99533811956402,40.24499384039022,404.798095703125
61,-121.99533811956402,40.25746802038882,490.70062255859375
62,-121.99533811956402,40.26994220038741,532.6622314453125
63,-121.99533811956402,40.282416380386,507.29498291015625
64,-121.99533811956402,40.294890560384594,410.3265075683594
65,-121.98396313956418,40.05788114041133,257.65289306640625
66,-121.98396313956418,40.107777860405704,346.4366455078125
67,-121.98396313956418,40.120252040404296,358.24017333984375
68,-121.98396313956418,40.13272622040289,382.16497802734375
69,-121.98396313956418,40.145200400401485,412.87762451171875
70,-121.98396313956418,40.15767458040008,431.5169372558594
71,-121.98396313956418,40.17014876039867,400.8429870605469
72,-121.98396313956418,40.18262294039726,391.5280456542969
73,-121.98396313956418,40.19509712039585,311.9941101074219
74,-121.98396313956418,40.20757130039445,406.6185302734375
75,-121.98396313956418,40.22004548039304,334.057861328125
76,-121.98396313956418,40.23251966039163,412.5500183105469
77,-121.98396313956418,40.24499384039022,435.074951171875
78,-121.98396313956418,40.25746802038882,484.3478698730469
79,-121.98396313956418,40.26994220038741,513.281005859375
80,-121.98396313956418,40.282416380386,540.1441040039062
81,-121.98396313956418,40.294890560384594,456.0372009277344
82,-121.97258815956434,40.04540696041274,209.52294921875
83,-121.97258815956434,40.05788114041133,337.56378173828125
84,-121.97258815956434,40.070355320409924,309.9440612792969
85,-121.97258815956434,40.09530368040711,376.3071594238281
86,-121.97258815956434,40.107777860405704,364.4847717285156
87,-121.97258815956434,40.120252040404296,377.89190673828125
88,-121.97258815956434,40.13272622040289,395.4979248046875
89,-121.97258815956434,40.145200400401485,451.73907470703125
90,-121.97258815956434,40.15767458040008,482.78466796875
91,-121.97258815956434,40.17014876039867,467.2625427246094
92,-121.97258815956434,40.18262294039726,403.3376770019531
93,-121.97258815956434,40.19509712039585,385.3597717285156
94,-121.97258815956434,40.20757130039445,384.49847412109375
95,-121.97258815956434,40.22004548039304,431.42559814453125
96,-121.97258815956434,40.23251966039163,276.0870056152344
97,-121.97258815956434,40.24499384039022,470.5989990234375
98,-121.97258815956434,40.25746802038882,545.73046875
99,-121.97258815956434,40.26994220038741,582.686767578125
100,-121.97258815956434,40.282416380386,548.671142578125
101,-121.97258815956434,40.294890560384594,505.6577453613281
102,-121.9612131795645,40.03293278041415,225.2963409423828
103,-121.9612131795645,40.04540696041274,259.62884521484375
104,-121.9612131795645,40.05788114041133,193.5591583251953
105,-121.9612131795645,40.070355320409924,259.29248046875
106,-121.9612131795645,40.09530368040711,391.6083068847656
107,-121.9612131795645,40.107777860405704,400.6001892089844
108,-121.9612131795645,40.120252040404296,385.4955749511719
109,-121.9612131795645,40.13272622040289,452.98406982421875
110,-121.9612131795645,40.145200400401485,525.763916015625
111,-121.9612131795645,40.15767458040008,487.27227783203125
112,-121.9612131795645,40.17014876039867,509.9757385253906
113,-121.9612131795645,40.18262294039726,442.2976989746094
114,-121.9612131795645,40.19509712039585,450.2403259277344
115,-121.9612131795645,40.20757130039445,419.3581237792969
116,-121.9612131795645,40.22004548039304,483.26629638671875
117,-121.9612131795645,40.23251966039163,338.4712829589844
118,-121.9612131795645,40.24499384039022,284.10443115234375
119,-121.9612131795645,40.25746802038882,521.6478271484375
120,-121.9612131795645,40.26994220038741,569.0110473632812
121,-121.9612131795645,40.282416380386,567.3515014648438
122,-121.9612131795645,40.294890560384594,526.1634521484375
123,-121.9612131795645,40.307364740383186,378.9234313964844
124,-121.9612131795645,40.319838920381784,487.61456298828125
125,-121.9612131795645,40.332313100380375,601.534423828125
126,-121.9612131795645,40.344787280378966,632.6900024414062
127,-121.94983819956465,40.02045860041555,263.3397521972656
128,-121.94983819956465,40.03293278041415,333.2217102050781
129,-121.94983819956465,40.04540696041274,332.5744934082031
130,-121.94983819956465,40.05788114041133,281.0052185058594
131,-121.94983819956465,40.070355320409924,331.6846923828125
132,-121.94983819956465,40.08282950040852,396.77435302734375
133,-121.94983819956465,40.09530368040711,364.9338073730469
134,-121.94983819956465,40.107777860405704,412.6973571777344
135,-121.94983819956465,40.120252040404296,387.8267822265625
136,-121.94983819956465,40.13272622040289,455.02947998046875
137,-121.94983819956465,40.145200400401485,511.4573669433594
138,-121.94983819956465,40.15767458040008,535.8919067382812
139,-121.94983819956465,40.17014876039867,529.7445068359375
140,-121.94983819956465,40.18262294039726,428.2211608886719
141,-121.94983819956465,40.19509712039585,524.3790283203125
142,-121.94983819956465,40.20757130039445,426.91229248046875
143,-121.94983819956465,40.22004548039304,438.3455810546875
144,-121.94983819956465,40.23251966039163,490.2674560546875
145,-121.94983819956465,40.24499384039022,302.0946350097656
146,-121.94983819956465,40.25746802038882,519.7089233398438
147,-121.94983819956465,40.26994220038741,613.4669799804688
148,-121.94983819956465,40.282416380386,576.63232421875
149,-121.94983819956465,40.294890560384594,574.6384887695312
150,-121.94983819956465,40.307364740383186,423.1545715332031
151,-121.94983819956465,40.319838920381784,477.7121276855469
152,-121.94983819956465,40.332313100380375,634.176025390625
153,-121.94983819956465,40.344787280378966,824.8275756835938
154,-121.94983819956465,40.35726146037756,660.9777221679688
155,-121.93846321956481,40.00798442041696,313.1307067871094
156,-121.93846321956481,40.02045860041555,245.09060668945312
157,-121.93846321956481,40.03293278041415,380.26434326171875
158,-121.93846321956481,40.04540696041274,318.5498046875
159,-121.93846321956481,40.05788114041133,329.2919921875
160,-121.93846321956481,40.070355320409924,403.9565734863281
161,-121.93846321956481,40.08282950040852,246.2367706298828
162,-121.93846321956481,40.09530368040711,353.59283447265625
163,-121.93846321956481,40.107777860405704,435.795654296875
164,-121.93846321956481,40.120252040404296,441.982666015625
165,-121.93846321956481,40.13272622040289,524.7559204101562
166,-121.93846321956481,40.145200400401485,568.7683715820312
167,-121.93846321956481,40.15767458040008,637.4375610351562
168,-121.93846321956481,40.17014876039867,558.0093994140625
169,-121.93846321956481,40.18262294039726,462.39739990234375
170,-121.93846321956481,40.19509712039585,502.2882080078125
171,-121.93846321956481,40.20757130039445,486.259765625
172,-121.93846321956481,40.22004548039304,497.95513916015625
173,-121.93846321956481,40.23251966039163,518.5853881835938
174,-121.93846321956481,40.24499384039022,384.8923645019531
175,-121.93846321956481,40.25746802038882,604.9251098632812
176,-121.93846321956481,40.26994220038741,636.452392578125
177,-121.93846321956481,40.282416380386,631.5704345703125
178,-121.93846321956481,40.294890560384594,498.8059387207031
179,-121.93846321956481,40.307364740383186,417.99896240234375
180,-121.93846321956481,40.319838920381784,536.7586669921875
181,-121.93846321956481,40.332313100380375,647.528076171875
182,-121.93846321956481,40.344787280378966,854.7955322265625
183,-121.93846321956481,40.35726146037756,617.7379150390625
184,-121.93846321956481,40.369735640376156,507.8138732910156
185,-121.92708823956497,39.97056188042119,145.71031188964844
186,-121.92708823956497,39.98303606041978,230.60801696777344
187,-121.92708823956497,39.99551024041837,281.25970458984375
188,-121.92708823956497,40.00798442041696,397.2554931640625
189,-121.92708823956497,40.02045860041555,281.7511291503906
190,-121.92708823956497,40.03293278041415,425.4580078125
191,-121.92708823956497,40.04540696041274,319.6348571777344
192,-121.92708823956497,40.05788114041133,264.19390869140625
193,-121.92708823956497,40.070355320409924,396.7333984375
194,-121.92708823956497,40.08282950040852,320.2188415527344
195,-121.92708823956497,40.09530368040711,419.54107666015625
196,-121.92708823956497,40.107777860405704,417.8447265625
197,-121.92708823956497,40.120252040404296,440.19439697265625
198,-121.92708823956497,40.13272622040289,490.7923583984375
199,-121.92708823956497,40.145200400401485,525.924560546875
200,-121.92708823956497,40.15767458040008,602.1958618164062
201,-121.92708823956497,40.17014876039867,488.2194519042969
202,-121.92708823956497,40.18262294039726,539.6231689453125
203,-121.92708823956497,40.19509712039585,516.9320068359375
204,-121.92708823956497,40.20757130039445,493.5235595703125
205,-121.92708823956497,40.22004548039304,572.7603759765625
206,-121.92708823956497,40.23251966039163,562.3007202148438
207,-121.92708823956497,40.24499384039022,357.3447570800781
208,-121.92708823956497,40.25746802038882,509.8396301269531
209,-121.92708823956497,40.26994220038741,672.38623046875
210,-121.92708823956497,40.282416380386,646.6787719726562
211,-121.92708823956497,40.294890560384594,440.79443359375
212,-121.92708823956497,40.307364740383186,605.72314453125
213,-121.92708823956497,40.319838920381784,584.5037841796875
214,-121.92708823956497,40.332313100380375,560.9773559570312
215,-121.92708823956497,40.344787280378966,678.5248413085938
216,-121.92708823956497,40.35726146037756,574.9944458007812
217,-121.91571325956514,39.97056188042119,183.96450805664062
218,-121.91571325956514,39.98303606041978,292.1815185546875
219,-121.91571325956514,39.99551024041837,288.77667236328125
220,-121.91571325956514,40.00798442041696,431.97857666015625
221,-121.91571325956514,40.02045860041555,190.6092071533203
222,-121.91571325956514,40.03293278041415,396.76690673828125
223,-121.91571325956514,40.04540696041274,286.5867614746094
224,-121.91571325956514,40.05788114041133,280.6145935058594
225,-121.91571325956514,40.070355320409924,383.2749328613281
226,-121.91571325956514,40.08282950040852,385.97442626953125
227,-121.91571325956514,40.09530368040711,446.55841064453125
228,-121.91571325956514,40.107777860405704,493.8737487792969
229,-121.91571325956514,40.120252040404296,502.4835205078125
230,-121.91571325956514,40.13272622040289,542.9874877929688
231,-121.91571325956514,40.145200400401485,560.2941284179688
232,-121.91571325956514,40.15767458040008,657.331298828125
233,-121.91571325956514,40.17014876039867,487.1588439941406
234,-121.91571325956514,40.18262294039726,602.0287475585938
235,-121.91571325956514,40.19509712039585,552.2288818359375
236,-121.91571325956514,40.20757130039445,508.558349609375
237,-121.91571325956514,40.22004548039304,523.7374267578125
238,-121.91571325956514,40.23251966039163,443.19525146484375
239,-121.91571325956514,40.24499384039022,506.8992004394531
240,-121.91571325956514,40.25746802038882,538.3304443359375
241,-121.91571325956514,40.26994220038741,703.8594360351562
242,-121.91571325956514,40.282416380386,661.7526245117188
243,-121.91571325956514,40.294890560384594,493.3545227050781
244,-121.91571325956514,40.307364740383186,612.4081420898438
245,-121.91571325956514,40.319838920381784,614.9981079101562
246,-121.91571325956514,40.332313100380375,565.4346313476562
247,-121.91571325956514,40.344787280378966,591.8237915039062
248,-121.91571325956514,40.35726146037756,529.2176513671875
249,-121.9043382795653,39.933139340425406,147.54327392578125
250,-121.9043382795653,39.945613520424,149.82044982910156
251,-121.9043382795653,39.95808770042259,193.3155517578125
252,-121.9043382795653,39.97056188042119,332.1514587402344
253,-121.9043382795653,39.98303606041978,359.7813720703125
254,-121.9043382795653,39.99551024041837,375.27789306640625
255,-121.9043382795653,40.00798442041696,385.1288146972656
256,-121.9043382795653,40.02045860041555,193.43577575683594
257,-121.9043382795653,40.03293278041415,467.54901123046875
258,-121.9043382795653,40.04540696041274,329.0650939941406
259,-121.9043382795653,40.05788114041133,333.0101013183594
260,-121.9043382795653,40.070355320409924,455.7334289550781
261,-121.9043382795653,40.08282950040852,472.774658203125
262,-121.9043382795653,40.09530368040711,343.0674743652344
263,-121.9043382795653,40.107777860405704,480.15948486328125
264,-121.9043382795653,40.120252040404296,488.2260437011719
265,-121.9043382795653,40.13272622040289,486.9629821777344
266,-121.9043382795653,40.145200400401485,543.8345336914062
267,-121.9043382795653,40.15767458040008,630.0139770507812
268,-121.9043382795653,40.17014876039867,540.036376953125
269,-121.9043382795653,40.18262294039726,646.9619140625
270,-121.9043382795653,40.19509712039585,626.0447387695312
271,-121.9043382795653,40.20757130039445,595.39892578125
272,-121.9043382795653,40.22004548039304,554.59130859375
273,-121.9043382795653,40.23251966039163,381.6060485839844
274,-121.9043382795653,40.24499384039022,652.4341430664062
275,-121.9043382795653,40.25746802038882,666.6192626953125
276,-121.9043382795653,40.26994220038741,741.3202514648438
277,-121.9043382795653,40.282416380386,696.6730346679688
278,-121.9043382795653,40.294890560384594,509.1053161621094
279,-121.9043382795653,40.307364740383186,617.2869873046875
280,-121.9043382795653,40.319838920381784,600.9757080078125
281,-121.9043382795653,40.332313100380375,567.8716430664062
282,-121.9043382795653,40.344787280378966,608.2415771484375
283,-121.89296329956545,39.920665160426815,144.6187286376953
284,-121.89296329956545,39.933139340425406,199.8394012451172
285,-121.89296329956545,39.945613520424,186.63916015625
286,-121.89296329956545,39.95808770042259,241.4709014892578
287,-121.89296329956545,39.97056188042119,258.3337097167969
288,-121.89296329956545,39.98303606041978,330.6223449707031
289,-121.89296329956545,39.99551024041837,399.2943115234375
290,-121.89296329956545,40.00798442041696,484.2701416015625
291,-121.89296329956545,40.02045860041555,227.1797332763672
292,-121.89296329956545,40.03293278041415,524.3757934570312
293,-121.89296329956545,40.04540696041274,384.21697998046875
294,-121.89296329956545,40.05788114041133,383.8983459472656
295,-121.89296329956545,40.070355320409924,447.5829772949219
296,-121.89296329956545,40.08282950040852,516.5841674804688
297,-121.89296329956545,40.09530368040711,330.1608581542969
298,-121.89296329956545,40.107777860405704,520.7479858398438
299,-121.89296329956545,40.120252040404296,553.8976440429688
300,-121.89296329956545,40.13272622040289,612.2396850585938
301,-121.89296329956545,40.145200400401485,595.8141479492188
302,-121.89296329956545,40.15767458040008,713.7801513671875
303,-121.89296329956545,40.17014876039867,556.8482666015625
304,-121.89296329956545,40.18262294039726,741.3383178710938
305,-121.89296329956545,40.19509712039585,660.0359497070312
306,-121.89296329956545,40.20757130039445,638.468994140625
307,-121.89296329956545,40.22004548039304,641.5418090820312
308,-121.89296329956545,40.23251966039163,451.5835266113281
309,-121.89296329956545,40.24499384039022,674.5046997070312
310,-121.89296329956545,40.25746802038882,747.4255981445312
311,-121.89296329956545,40.26994220038741,753.5125122070312
312,-121.89296329956545,40.282416380386,581.085693359375
313,-121.89296329956545,40.294890560384594,635.662109375
314,-121.89296329956545,40.307364740383186,657.7938232421875
315,-121.89296329956545,40.319838920381784,637.4917602539062
316,-121.89296329956545,40.332313100380375,661.5665283203125
317,-121.89296329956545,40.344787280378966,645.0062255859375
318,-121.89296329956545,40.369735640376156,568.2930908203125
319,-121.88158831956561,39.908190980428216,151.05752563476562
320,-121.88158831956561,39.920665160426815,168.8839569091797
321,-121.88158831956561,39.933139340425406,191.19593811035156
322,-121.88158831956561,39.945613520424,351.7586975097656
323,-121.88158831956561,39.95808770042259,198.51983642578125
324,-121.88158831956561,39.97056188042119,378.5792236328125
325,-121.88158831956561,39.98303606041978,340.8944091796875
326,-121.88158831956561,39.99551024041837,517.002197265625
327,-121.88158831956561,40.00798442041696,355.93133544921875
328,-121.88158831956561,40.02045860041555,400.26513671875
329,-121.88158831956561,40.03293278041415,565.3052368164062
330,-121.88158831956561,40.04540696041274,433.0469970703125
331,-121.88158831956561,40.05788114041133,551.8312377929688
332,-121.88158831956561,40.070355320409924,398.0387268066406
333,-121.88158831956561,40.08282950040852,513.5103149414062
334,-121.88158831956561,40.09530368040711,444.29180908203125
335,-121.88158831956561,40.107777860405704,376.0342102050781
336,-121.88158831956561,40.120252040404296,569.85888671875
337,-121.88158831956561,40.13272622040289,650.8623046875
338,-121.88158831956561,40.145200400401485,630.6654663085938
339,-121.88158831956561,40.15767458040008,746.0823974609375
340,-121.88158831956561,40.17014876039867,636.0966186523438
341,-121.88158831956561,40.18262294039726,788.6182250976562
342,-121.88158831956561,40.19509712039585,707.2464599609375
343,-121.88158831956561,40.20757130039445,604.4987182617188
344,-121.88158831956561,40.22004548039304,564.2858276367188
345,-121.88158831956561,40.23251966039163,413.2628173828125
346,-121.88158831956561,40.24499384039022,633.4598388671875
347,-121.88158831956561,40.25746802038882,765.5848999023438
348,-121.88158831956561,40.26994220038741,777.4757080078125
349,-121.88158831956561,40.282416380386,685.5081787109375
350,-121.88158831956561,40.294890560384594,730.395263671875
351,-121.88158831956561,40.307364740383186,727.1320190429688
352,-121.88158831956561,40.319838920381784,636.4520874023438
353,-121.88158831956561,40.332313100380375,687.8414916992188
354,-121.88158831956561,40.344787280378966,646.9979248046875
355,-121.88158831956561,40.35726146037756,561.9581298828125
356,-121.88158831956561,40.369735640376156,673.5695190429688
357,-121.88158831956561,40.38220982037475,593.3033447265625
358,-121.87021333956577,39.883242620431034,150.20001220703125
359,-121.87021333956577,39.895716800429625,149.1396026611328
360,-121.87021333956577,39.908190980428216,185.04782104492188
361,-121.87021333956577,39.920665160426815,274.9167785644531
362,-121.87021333956577,39.933139340425406,336.8970031738281
363,-121.87021333956577,39.945613520424,317.8994445800781
364,-121.87021333956577,39.95808770042259,374.2488098144531
365,-121.87021333956577,39.97056188042119,344.2752990722656
366,-121.87021333956577,39.98303606041978,465.8308410644531
367,-121.87021333956577,39.99551024041837,485.59613037109375
368,-121.87021333956577,40.00798442041696,447.5330810546875
369,-121.87021333956577,40.02045860041555,366.2303466796875
370,-121.87021333956577,40.03293278041415,537.4468383789062
371,-121.87021333956577,40.04540696041274,381.000244140625
372,-121.87021333956577,40.05788114041133,575.0296020507812
373,-121.87021333956577,40.070355320409924,414.0785827636719
374,-121.87021333956577,40.08282950040852,475.3382568359375
375,-121.87021333956577,40.09530368040711,512.2122192382812
376,-121.87021333956577,40.107777860405704,342.7317199707031
377,-121.87021333956577,40.120252040404296,366.5088806152344
378,-121.87021333956577,40.13272622040289,625.8468017578125
379,-121.87021333956577,40.145200400401485,600.4039306640625
380,-121.87021333956577,40.15767458040008,748.7929077148438
381,-121.87021333956577,40.17014876039867,671.6217041015625
382,-121.87021333956577,40.18262294039726,786.948486328125
383,-121.87021333956577,40.19509712039585,808.9946899414062
384,-121.87021333956577,40.20757130039445,715.054443359375
385,-121.87021333956577,40.22004548039304,697.83984375
386,-121.87021333956577,40.23251966039163,487.912841796875
387,-121.87021333956577,40.24499384039022,539.263916015625
388,-121.87021333956577,40.25746802038882,788.0296020507812
389,-121.87021333956577,40.26994220038741,815.73388671875
390,-121.87021333956577,40.282416380386,769.9811401367188
391,-121.87021333956577,40.294890560384594,769.9509887695312
392,-121.87021333956577,40.307364740383186,681.5498657226562
393,-121.87021333956577,40.319838920381784,699.2283935546875
394,-121.87021333956577,40.332313100380375,727.3005981445312
395,-121.87021333956577,40.344787280378966,654.4036865234375
396,-121.87021333956577,40.35726146037756,581.7142944335938
397,-121.87021333956577,40.369735640376156,690.9796142578125
398,-121.87021333956577,40.38220982037475,597.1361083984375
399,-121.85883835956592,39.85829426043385,136.614501953125
400,-121.85883835956592,39.87076844043244,132.2115478515625
401,-121.85883835956592,39.883242620431034,169.0816650390625
402,-121.85883835956592,39.895716800429625,209.8558349609375
403,-121.85883835956592,39.908190980428216,239.13548278808594
404,-121.85883835956592,39.920665160426815,266.91400146484375
405,-121.85883835956592,39.933139340425406,373.08721923828125
406,-121.85883835956592,39.945613520424,280.9989929199219
407,-121.85883835956592,39.95808770042259,409.354248046875
408,-121.85883835956592,39.97056188042119,338.8894348144531
409,-121.85883835956592,39.98303606041978,339.2310791015625
410,-121.85883835956592,39.99551024041837,493.9633483886719
411,-121.85883835956592,40.00798442041696,558.0606079101562
412,-121.85883835956592,40.02045860041555,528.0850219726562
413,-121.85883835956592,40.03293278041415,371.290283203125
414,-121.85883835956592,40.04540696041274,499.80499267578125
415,-121.85883835956592,40.05788114041133,469.57122802734375
416,-121.85883835956592,40.070355320409924,517.9009399414062
417,-121.85883835956592,40.08282950040852,515.7128295898438
418,-121.85883835956592,40.09530368040711,564.0553588867188
419,-121.85883835956592,40.107777860405704,457.48321533203125
420,-121.85883835956592,40.120252040404296,434.2534484863281
421,-121.85883835956592,40.13272622040289,345.8221130371094
422,-121.85883835956592,40.145200400401485,546.0821533203125
423,-121.85883835956592,40.15767458040008,577.3634033203125
424,-121.85883835956592,40.17014876039867,760.5327758789062
425,-121.85883835956592,40.18262294039726,857.0692138671875
426,-121.85883835956592,40.19509712039585,786.4957275390625
427,-121.85883835956592,40.20757130039445,774.0529174804688
428,-121.85883835956592,40.22004548039304,536.5177612304688
429,-121.85883835956592,40.23251966039163,594.5196533203125
430,-121.85883835956592,40.24499384039022,462.36968994140625
431,-121.85883835956592,40.25746802038882,742.6160278320312
432,-121.85883835956592,40.26994220038741,849.5624389648438
433,-121.85883835956592,40.282416380386,750.886962890625
434,-121.85883835956592,40.294890560384594,806.842529296875
435,-121.85883835956592,40.307364740383186,674.1533203125
436,-121.85883835956592,40.319838920381784,707.7567749023438
437,-121.85883835956592,40.332313100380375,783.8016967773438
438,-121.85883835956592,40.344787280378966,673.0486450195312
439,-121.85883835956592,40.35726146037756,637.5283203125
440,-121.85883835956592,40.369735640376156,740.43505859375
441,-121.85883835956592,40.38220982037475,663.6090087890625
442,-121.84746337956608,39.84582008043525,113.9163589477539
443,-121.84746337956608,39.85829426043385,177.8647918701172
444,-121.84746337956608,39.87076844043244,195.1453399658203
445,-121.84746337956608,39.883242620431034,215.37554931640625
446,-121.84746337956608,39.895716800429625,266.1328125
447,-121.84746337956608,39.908190980428216,275.0447082519531
448,-121.84746337956608,39.920665160426815,271.4417419433594
449,-121.84746337956608,39.933139340425406,390.21612548828125
450,-121.84746337956608,39.945613520424,477.27471923828125
451,-121.84746337956608,39.95808770042259,465.3433532714844
452,-121.84746337956608,39.97056188042119,537.6947631835938
453,-121.84746337956608,39.98303606041978,352.9301452636719
454,-121.84746337956608,39.99551024041837,460.69720458984375
455,-121.84746337956608,40.00798442041696,544.7816772460938
456,-121.84746337956608,40.02045860041555,547.7864990234375
457,-121.84746337956608,40.03293278041415,364.29681396484375
458,-121.84746337956608,40.04540696041274,601.5935668945312
459,-121.84746337956608,40.05788114041133,527.6809692382812
460,-121.84746337956608,40.070355320409924,586.4842529296875
461,-121.84746337956608,40.08282950040852,422.4237976074219
462,-121.84746337956608,40.09530368040711,574.489990234375
463,-121.84746337956608,40.107777860405704,541.7596435546875
464,-121.84746337956608,40.120252040404296,566.904052734375
465,-121.84746337956608,40.13272622040289,491.3585205078125
466,-121.84746337956608,40.145200400401485,411.6782531738281
467,-121.84746337956608,40.15767458040008,575.4779663085938
468,-121.84746337956608,40.17014876039867,646.9434204101562
469,-121.84746337956608,40.18262294039726,789.7864379882812
470,-121.84746337956608,40.19509712039585,838.204833984375
471,-121.84746337956608,40.20757130039445,657.5662231445312
472,-121.84746337956608,40.22004548039304,662.6318359375
473,-121.84746337956608,40.23251966039163,473.6821594238281
474,-121.84746337956608,40.24499384039022,590.9674072265625
475,-121.84746337956608,40.25746802038882,610.86083984375
476,-121.84746337956608,40.26994220038741,870.8551635742188
477,-121.84746337956608,40.282416380386,803.2545776367188
478,-121.84746337956608,40.294890560384594,842.0892944335938
479,-121.84746337956608,40.307364740383186,721.7752075195312
480,-121.84746337956608,40.319838920381784,768.0128173828125
481,-121.84746337956608,40.332313100380375,675.6034545898438
482,-121.84746337956608,40.344787280378966,739.3355102539062
483,-121.84746337956608,40.35726146037756,729.838623046875
484,-121.84746337956608,40.369735640376156,813.2018432617188
485,-121.84746337956608,40.38220982037475,0.0
486,-121.83608839956624,39.83334590043666,155.8327178955078
487,-121.83608839956624,39.84582008043525,130.80271911621094
488,-121.83608839956624,39.85829426043385,148.330322265625
489,-121.83608839956624,39.87076844043244,234.8448944091797
490,-121.83608839956624,39.883242620431034,275.1417236328125
491,-121.83608839956624,39.895716800429625,374.0018310546875
492,-121.83608839956624,39.908190980428216,307.6615295410156
493,-121.83608839956624,39.920665160426815,475.9582824707031
494,-121.83608839956624,39.933139340425406,373.44476318359375
495,-121.83608839956624,39.945613520424,501.6702575683594
496,-121.83608839956624,39.95808770042259,561.3643188476562
497,-121.83608839956624,39.97056188042119,498.88720703125
498,-121.83608839956624,39.98303606041978,427.5251770019531
499,-121.83608839956624,39.99551024041837,518.7449340820312
500,-121.83608839956624,40.00798442041696,574.3877563476562
501,-121.83608839956624,40.02045860041555,572.610595703125
502,-121.83608839956624,40.03293278041415,338.82073974609375
503,-121.83608839956624,40.04540696041274,521.5103149414062
504,-121.83608839956624,40.05788114041133,528.5646362304688
505,-121.83608839956624,40.070355320409924,628.629150390625
506,-121.83608839956624,40.08282950040852,547.723876953125
507,-121.83608839956624,40.09530368040711,581.245849609375
508,-121.83608839956624,40.107777860405704,680.927001953125
509,-121.83608839956624,40.120252040404296,664.3740234375
510,-121.83608839956624,40.13272622040289,715.37890625
511,-121.83608839956624,40.145200400401485,620.0593872070312
512,-121.83608839956624,40.15767458040008,483.52349853515625
513,-121.83608839956624,40.17014876039867,590.8697509765625
514,-121.83608839956624,40.18262294039726,706.09521484375
515,-121.83608839956624,40.19509712039585,888.980712890625
516,-121.83608839956624,40.20757130039445,656.0194702148438
517,-121.83608839956624,40.22004548039304,698.8588256835938
518,-121.83608839956624,40.23251966039163,548.6362915039062
519,-121.83608839956624,40.24499384039022,760.4378051757812
520,-121.83608839956624,40.25746802038882,522.1503295898438
521,-121.83608839956624,40.26994220038741,664.9368286132812
522,-121.83608839956624,40.282416380386,926.6019897460938
523,-121.83608839956624,40.294890560384594,894.5403442382812
524,-121.83608839956624,40.307364740383186,759.260009765625
525,-121.83608839956624,40.319838920381784,852.020263671875
526,-121.83608839956624,40.332313100380375,690.239990234375
527,-121.83608839956624,40.344787280378966,772.1175537109375
528,-121.83608839956624,40.35726146037756,770.9322509765625
529,-121.83608839956624,40.369735640376156,851.6041870117188
530,-121.82471341956641,39.82087172043807,109.4635009765625
531,-121.82471341956641,39.83334590043666,180.25059509277344
532,-121.82471341956641,39.84582008043525,198.28672790527344
533,-121.82471341956641,39.85829426043385,203.09091186523438
534,-121.82471341956641,39.87076844043244,265.726318359375
535,-121.82471341956641,39.883242620431034,368.36834716796875
536,-121.82471341956641,39.895716800429625,408.36175537109375
537,-121.82471341956641,39.908190980428216,415.2472839355469
538,-121.82471341956641,39.920665160426815,418.5669250488281
539,-121.82471341956641,39.933139340425406,473.3333740234375
540,-121.82471341956641,39.945613520424,551.3441162109375
541,-121.82471341956641,39.95808770042259,533.0357055664062
542,-121.82471341956641,39.97056188042119,630.8104858398438
543,-121.82471341956641,39.98303606041978,473.389892578125
544,-121.82471341956641,39.99551024041837,511.3310546875
545,-121.82471341956641,40.00798442041696,569.69873046875
546,-121.82471341956641,40.02045860041555,598.2540283203125
547,-121.82471341956641,40.03293278041415,364.51287841796875
548,-121.82471341956641,40.04540696041274,539.8448486328125
549,-121.82471341956641,40.05788114041133,647.7350463867188
550,-121.82471341956641,40.070355320409924,596.9457397460938
551,-121.82471341956641,40.08282950040852,707.4813232421875
552,-121.82471341956641,40.09530368040711,475.6957092285156
553,-121.82471341956641,40.107777860405704,652.6050415039062
554,-121.82471341956641,40.120252040404296,693.7882690429688
555,-121.82471341956641,40.13272622040289,740.64111328125
556,-121.82471341956641,40.145200400401485,682.8412475585938
557,-121.82471341956641,40.15767458040008,626.2822875976562
558,-121.82471341956641,40.17014876039867,731.8759765625
559,-121.82471341956641,40.18262294039726,887.6363525390625
560,-121.82471341956641,40.19509712039585,856.8192138671875
561,-121.82471341956641,40.20757130039445,812.1649780273438
562,-121.82471341956641,40.22004548039304,733.2669067382812
563,-121.82471341956641,40.23251966039163,539.571533203125
564,-121.82471341956641,40.24499384039022,793.5162963867188
565,-121.82471341956641,40.25746802038882,682.6136474609375
566,-121.82471341956641,40.26994220038741,609.8240966796875
567,-121.82471341956641,40.282416380386,922.3294677734375
568,-121.82471341956641,40.294890560384594,895.7193603515625
569,-121.82471341956641,40.307364740383186,807.8016357421875
570,-121.82471341956641,40.319838920381784,883.5384521484375
571,-121.82471341956641,40.332313100380375,787.013427734375
572,-121.82471341956641,40.344787280378966,865.4000244140625
573,-121.82471341956641,40.35726146037756,879.551513671875
574,-121.81333843956656,39.79592336044088,144.40794372558594
575,-121.81333843956656,39.80839754043948,162.74508666992188
576,-121.81333843956656,39.82087172043807,175.8583984375
577,-121.81333843956656,39.83334590043666,205.510986328125
578,-121.81333843956656,39.84582008043525,266.1754150390625
579,-121.81333843956656,39.85829426043385,200.82781982421875
580,-121.81333843956656,39.87076844043244,347.8177490234375
581,-121.81333843956656,39.883242620431034,350.1018371582031
582,-121.81333843956656,39.895716800429625,478.0621337890625
583,-121.81333843956656,39.908190980428216,499.076416015625
584,-121.81333843956656,39.920665160426815,339.6979675292969
585,-121.81333843956656,39.933139340425406,521.550048828125
586,-121.81333843956656,39.945613520424,514.0593872070312
587,-121.81333843956656,39.95808770042259,506.7123107910156
588,-121.81333843956656,39.97056188042119,564.7067260742188
589,-121.81333843956656,39.98303606041978,556.8028564453125
590,-121.81333843956656,39.99551024041837,521.8236083984375
591,-121.81333843956656,40.00798442041696,632.3147583007812
592,-121.81333843956656,40.02045860041555,652.5651245117188
593,-121.81333843956656,40.03293278041415,329.515869140625
594,-121.81333843956656,40.04540696041274,668.7438354492188
595,-121.81333843956656,40.05788114041133,734.8893432617188
596,-121.81333843956656,40.070355320409924,587.9984130859375
597,-121.81333843956656,40.08282950040852,688.8246459960938
598,-121.81333843956656,40.09530368040711,595.7877197265625
599,-121.81333843956656,40.107777860405704,685.7786254882812
600,-121.81333843956656,40.120252040404296,783.4967041015625
601,-121.81333843956656,40.13272622040289,851.7579345703125
602,-121.81333843956656,40.145200400401485,715.8131103515625
603,-121.81333843956656,40.15767458040008,447.2330627441406
604,-121.81333843956656,40.17014876039867,618.84228515625
605,-121.81333843956656,40.18262294039726,727.9674682617188
606,-121.81333843956656,40.19509712039585,900.1259155273438
607,-121.81333843956656,40.20757130039445,868.47265625
608,-121.81333843956656,40.22004548039304,690.344482421875
609,-121.81333843956656,40.23251966039163,704.377685546875
610,-121.81333843956656,40.24499384039022,729.8660278320312
611,-121.81333843956656,40.25746802038882,888.2674560546875
612,-121.81333843956656,40.26994220038741,689.6952514648438
613,-121.81333843956656,40.282416380386,884.8272094726562
614,-121.81333843956656,40.294890560384594,966.8530883789062
615,-121.81333843956656,40.307364740383186,890.745849609375
616,-121.81333843956656,40.319838920381784,947.3035888671875
617,-121.81333843956656,40.332313100380375,765.502685546875
618,-121.81333843956656,40.344787280378966,861.8071899414062
619,-121.81333843956656,40.35726146037756,876.8059692382812
620,-121.80196345956672,39.79592336044088,165.4508056640625
621,-121.80196345956672,39.80839754043948,137.83706665039062
622,-121.80196345956672,39.82087172043807,202.1455535888672
623,-121.80196345956672,39.83334590043666,180.93994140625
624,-121.80196345956672,39.84582008043525,332.41265869140625
625,-121.80196345956672,39.85829426043385,284.2152099609375
626,-121.80196345956672,39.87076844043244,330.10858154296875
627,-121.80196345956672,39.883242620431034,244.09930419921875
628,-121.80196345956672,39.895716800429625,430.1266784667969
629,-121.80196345956672,39.908190980428216,556.6421508789062
630,-121.80196345956672,39.920665160426815,488.9520568847656
631,-121.80196345956672,39.933139340425406,531.0504760742188
632,-121.80196345956672,39.945613520424,542.4255981445312
633,-121.80196345956672,39.95808770042259,542.1708984375
634,-121.80196345956672,39.97056188042119,669.889892578125
635,-121.80196345956672,39.98303606041978,619.1474609375
636,-121.80196345956672,39.99551024041837,648.1437377929688
637,-121.80196345956672,40.00798442041696,696.4314575195312
638,-121.80196345956672,40.02045860041555,670.0144653320312
639,-121.80196345956672,40.03293278041415,366.15087890625
640,-121.80196345956672,40.04540696041274,548.0960083007812
641,-121.80196345956672,40.05788114041133,710.3624267578125
642,-121.80196345956672,40.070355320409924,715.8902587890625
643,-121.80196345956672,40.08282950040852,659.1046142578125
644,-121.80196345956672,40.09530368040711,633.8194580078125
645,-121.80196345956672,40.107777860405704,639.1851196289062
646,-121.80196345956672,40.120252040404296,762.5227661132812
647,-121.80196345956672,40.13272622040289,886.8504028320312
648,-121.80196345956672,40.145200400401485,661.5538330078125
649,-121.80196345956672,40.15767458040008,488.9244079589844
650,-121.80196345956672,40.17014876039867,515.6038818359375
651,-121.80196345956672,40.18262294039726,649.7952270507812
652,-121.80196345956672,40.19509712039585,765.5714721679688
653,-121.80196345956672,40.20757130039445,917.1162109375
654,-121.80196345956672,40.22004548039304,859.883056640625
655,-121.80196345956672,40.23251966039163,857.4219970703125
656,-121.80196345956672,40.24499384039022,620.11181640625
657,-121.80196345956672,40.25746802038882,907.1744384765625
658,-121.80196345956672,40.26994220038741,831.83349609375
659,-121.80196345956672,40.282416380386,933.6110229492188
660,-121.80196345956672,40.294890560384594,969.1937255859375
661,-121.80196345956672,40.307364740383186,903.4715576171875
662,-121.80196345956672,40.319838920381784,965.9241333007812
663,-121.80196345956672,40.332313100380375,883.883544921875
664,-121.80196345956672,40.344787280378966,885.0750122070312
665,-121.80196345956672,40.35726146037756,934.1486206054688
666,-121.79058847956688,39.79592336044088,148.86033630371094
667,-121.79058847956688,39.80839754043948,204.4974822998047
668,-121.79058847956688,39.82087172043807,221.34298706054688
669,-121.79058847956688,39.83334590043666,277.5673828125
670,-121.79058847956688,39.84582008043525,321.9331359863281
671,-121.79058847956688,39.85829426043385,329.8210144042969
672,-121.79058847956688,39.87076844043244,421.663330078125
673,-121.79058847956688,39.883242620431034,421.8849792480469
674,-121.79058847956688,39.895716800429625,416.72900390625
675,-121.79058847956688,39.908190980428216,383.5956726074219
676,-121.79058847956688,39.920665160426815,531.3411254882812
677,-121.79058847956688,39.933139340425406,414.1664123535156
678,-121.79058847956688,39.945613520424,637.216552734375
679,-121.79058847956688,39.95808770042259,663.228271484375
680,-121.79058847956688,39.97056188042119,652.2088623046875
681,-121.79058847956688,39.98303606041978,748.4500732421875
682,-121.79058847956688,39.99551024041837,715.5695190429688
683,-121.79058847956688,40.00798442041696,891.1175537109375
684,-121.79058847956688,40.02045860041555,686.4070434570312
685,-121.79058847956688,40.03293278041415,419.2044982910156
686,-121.79058847956688,40.04540696041274,533.3084106445312
687,-121.79058847956688,40.05788114041133,587.3251953125
688,-121.79058847956688,40.070355320409924,680.265380859375
689,-121.79058847956688,40.08282950040852,743.184814453125
690,-121.79058847956688,40.09530368040711,729.4727783203125
691,-121.79058847956688,40.107777860405704,636.6590576171875
692,-121.79058847956688,40.120252040404296,811.9901123046875
693,-121.79058847956688,40.13272622040289,916.7363891601562
694,-121.79058847956688,40.145200400401485,752.9776611328125
695,-121.79058847956688,40.15767458040008,664.778564453125
696,-121.79058847956688,40.17014876039867,778.9442138671875
697,-121.79058847956688,40.18262294039726,533.2547607421875
698,-121.79058847956688,40.19509712039585,711.7720947265625
699,-121.79058847956688,40.20757130039445,918.0789794921875
700,-121.79058847956688,40.22004548039304,871.636962890625
701,-121.79058847956688,40.23251966039163,950.7274780273438
702,-121.79058847956688,40.24499384039022,971.0638427734375
703,-121.79058847956688,40.25746802038882,916.5918579101562
704,-121.79058847956688,40.26994220038741,964.8854370117188
705,-121.79058847956688,40.282416380386,990.5374755859375
706,-121.79058847956688,40.294890560384594,991.4559326171875
707,-121.79058847956688,40.307364740383186,989.2462768554688
708,-121.79058847956688,40.319838920381784,972.7575073242188
709,-121.79058847956688,40.332313100380375,857.1624755859375
710,-121.79058847956688,40.344787280378966,944.5399780273438
711,-121.77921349956704,39.79592336044088,217.65530395507812
712,-121.77921349956704,39.80839754043948,236.68418884277344
713,-121.77921349956704,39.82087172043807,272.97625732421875
714,-121.77921349956704,39.83334590043666,322.6692199707031
715,-121.77921349956704,39.84582008043525,376.5117492675781
716,-121.77921349956704,39.85829426043385,443.3153381347656
717,-121.77921349956704,39.87076844043244,468.03106689453125
718,-121.77921349956704,39.883242620431034,417.6990966796875
719,-121.77921349956704,39.895716800429625,526.6063232421875
720,-121.77921349956704,39.908190980428216,536.2706298828125
721,-121.77921349956704,39.920665160426815,607.9071044921875
722,-121.77921349956704,39.933139340425406,600.773193359375
723,-121.77921349956704,39.945613520424,404.3079528808594
724,-121.77921349956704,39.95808770042259,578.57958984375
725,-121.77921349956704,39.97056188042119,759.9380493164062
726,-121.77921349956704,39.98303606041978,896.4049682617188
727,-121.77921349956704,39.99551024041837,849.168212890625
728,-121.77921349956704,40.00798442041696,822.4579467773438
729,-121.77921349956704,40.02045860041555,646.8414306640625
730,-121.77921349956704,40.03293278041415,620.4276733398438
731,-121.77921349956704,40.04540696041274,584.7117309570312
732,-121.77921349956704,40.05788114041133,576.8899536132812
733,-121.77921349956704,40.070355320409924,660.9734497070312
734,-121.77921349956704,40.08282950040852,782.1380004882812
735,-121.77921349956704,40.09530368040711,878.189453125
736,-121.77921349956704,40.107777860405704,652.0579833984375
737,-121.77921349956704,40.120252040404296,792.5775756835938
738,-121.77921349956704,40.13272622040289,979.037109375
739,-121.77921349956704,40.145200400401485,812.0174560546875
740,-121.77921349956704,40.15767458040008,779.4064331054688
741,-121.77921349956704,40.17014876039867,858.5318603515625
742,-121.77921349956704,40.18262294039726,526.6891479492188
743,-121.77921349956704,40.19509712039585,726.582763671875
744,-121.77921349956704,40.20757130039445,1000.6309814453125
745,-121.77921349956704,40.22004548039304,961.2476806640625
746,-121.77921349956704,40.23251966039163,1033.0733642578125
747,-121.77921349956704,40.24499384039022,1000.5697631835938
748,-121.77921349956704,40.25746802038882,985.98876953125
749,-121.77921349956704,40.26994220038741,1010.3184814453125
750,-121.77921349956704,40.282416380386,994.381103515625
751,-121.77921349956704,40.294890560384594,1009.8980712890625
752,-121.77921349956704,40.307364740383186,1020.9160766601562
753,-121.77921349956704,40.319838920381784,1013.2693481445312
754,-121.77921349956704,40.332313100380375,995.5546264648438
755,-121.76783851956719,39.78344918044229,178.12571716308594
756,-121.76783851956719,39.79592336044088,207.0417022705078
757,-121.76783851956719,39.80839754043948,281.3759460449219
758,-121.76783851956719,39.82087172043807,407.3345642089844
759,-121.76783851956719,39.83334590043666,379.41162109375
760,-121.76783851956719,39.84582008043525,357.39019775390625
761,-121.76783851956719,39.85829426043385,463.60321044921875
762,-121.76783851956719,39.87076844043244,515.8060302734375
763,-121.76783851956719,39.883242620431034,539.015380859375
764,-121.76783851956719,39.895716800429625,380.8492126464844
765,-121.76783851956719,39.908190980428216,593.1639404296875
766,-121.76783851956719,39.920665160426815,613.8760986328125
767,-121.76783851956719,39.933139340425406,643.3097534179688
768,-121.76783851956719,39.945613520424,625.9226684570312
769,-121.76783851956719,39.95808770042259,447.32501220703125
770,-121.76783851956719,39.97056188042119,709.4964599609375
771,-121.76783851956719,39.98303606041978,805.1343383789062
772,-121.76783851956719,39.99551024041837,964.8529052734375
773,-121.76783851956719,40.00798442041696,896.4894409179688
774,-121.76783851956719,40.02045860041555,678.4342651367188
775,-121.76783851956719,40.03293278041415,721.6189575195312
776,-121.76783851956719,40.04540696041274,687.298583984375
777,-121.76783851956719,40.05788114041133,664.1505126953125
778,-121.76783851956719,40.070355320409924,525.1676635742188
779,-121.76783851956719,40.08282950040852,755.7428588867188
780,-121.76783851956719,40.09530368040711,914.56103515625
781,-121.76783851956719,40.107777860405704,703.845947265625
782,-121.76783851956719,40.120252040404296,843.0382690429688
783,-121.76783851956719,40.13272622040289,944.6876831054688
784,-121.76783851956719,40.145200400401485,814.9954223632812
785,-121.76783851956719,40.15767458040008,843.6259765625
786,-121.76783851956719,40.17014876039867,776.5888671875
787,-121.76783851956719,40.18262294039726,671.2092895507812
788,-121.76783851956719,40.19509712039585,988.693603515625
789,-121.76783851956719,40.20757130039445,997.9097290039062
790,-121.76783851956719,40.22004548039304,1087.47119140625
791,-121.76783851956719,40.23251966039163,1055.6800537109375
792,-121.76783851956719,40.24499384039022,1048.015625
793,-121.76783851956719,40.25746802038882,855.762451171875
794,-121.76783851956719,40.26994220038741,1061.18505859375
795,-121.76783851956719,40.282416380386,974.6565551757812
796,-121.76783851956719,40.294890560384594,1059.227294921875
797,-121.76783851956719,40.307364740383186,1047.8411865234375
798,-121.76783851956719,40.319838920381784,1050.0145263671875
799,-121.76783851956719,40.332313100380375,1047.7791748046875
800,-121.75646353956735,39.78344918044229,267.54248046875
801,-121.75646353956735,39.79592336044088,260.2229309082031
802,-121.75646353956735,39.80839754043948,325.2561950683594
803,-121.75646353956735,39.82087172043807,443.2614440917969
804,-121.75646353956735,39.83334590043666,337.81341552734375
805,-121.75646353956735,39.84582008043525,265.1869812011719
806,-121.75646353956735,39.85829426043385,499.180419921875
807,-121.75646353956735,39.87076844043244,526.7987670898438
808,-121.75646353956735,39.883242620431034,584.9544067382812
809,-121.75646353956735,39.895716800429625,615.7959594726562
810,-121.75646353956735,39.908190980428216,617.1012573242188
811,-121.75646353956735,39.920665160426815,677.4506225585938
812,-121.75646353956735,39.933139340425406,734.0518188476562
813,-121.75646353956735,39.945613520424,746.939208984375
814,-121.75646353956735,39.95808770042259,627.0487060546875
815,-121.75646353956735,39.97056188042119,529.1293334960938
816,-121.75646353956735,39.98303606041978,680.7532958984375
817,-121.75646353956735,39.99551024041837,843.1688842773438
818,-121.75646353956735,40.00798442041696,921.7761840820312
819,-121.75646353956735,40.02045860041555,700.05029296875
820,-121.75646353956735,40.03293278041415,862.9697875976562
821,-121.75646353956735,40.04540696041274,883.61181640625
822,-121.75646353956735,40.05788114041133,780.7213134765625
823,-121.75646353956735,40.070355320409924,473.2509460449219
824,-121.75646353956735,40.08282950040852,661.3043823242188
825,-121.75646353956735,40.09530368040711,859.2559814453125
826,-121.75646353956735,40.107777860405704,832.1176147460938
827,-121.75646353956735,40.120252040404296,826.7822875976562
828,-121.75646353956735,40.13272622040289,1024.151123046875
829,-121.75646353956735,40.145200400401485,888.40283203125
830,-121.75646353956735,40.15767458040008,903.9322509765625
831,-121.75646353956735,40.17014876039867,782.302490234375
832,-121.75646353956735,40.18262294039726,655.7442016601562
833,-121.75646353956735,40.19509712039585,1080.113037109375
834,-121.75646353956735,40.20757130039445,1188.502685546875
835,-121.75646353956735,40.22004548039304,1257.9393310546875
836,-121.75646353956735,40.23251966039163,1141.55615234375
837,-121.75646353956735,40.24499384039022,1063.2073974609375
838,-121.75646353956735,40.25746802038882,1006.0838623046875
839,-121.75646353956735,40.26994220038741,1110.169189453125
840,-121.75646353956735,40.282416380386,961.3555297851562
841,-121.75646353956735,40.332313100380375,1077.6417236328125
842,-121.75646353956735,40.344787280378966,1078.6522216796875
843,-121.7450885595675,39.79592336044088,385.935546875
844,-121.7450885595675,39.80839754043948,334.33599853515625
845,-121.7450885595675,39.82087172043807,489.5745544433594
846,-121.7450885595675,39.83334590043666,376.955078125
847,-121.7450885595675,39.84582008043525,463.5179748535156
848,-121.7450885595675,39.85829426043385,353.23907470703125
849,-121.7450885595675,39.87076844043244,549.1156005859375
850,-121.7450885595675,39.883242620431034,656.2947998046875
851,-121.7450885595675,39.895716800429625,645.4872436523438
852,-121.7450885595675,39.908190980428216,624.3778686523438
853,-121.7450885595675,39.920665160426815,631.5325927734375
854,-121.7450885595675,39.933139340425406,662.8546142578125
855,-121.7450885595675,39.945613520424,740.3193359375
856,-121.7450885595675,39.95808770042259,814.9158325195312
857,-121.7450885595675,39.97056188042119,666.5736694335938
858,-121.7450885595675,39.98303606041978,767.8184204101562
859,-121.7450885595675,39.99551024041837,856.2232666015625
860,-121.7450885595675,40.00798442041696,1012.440185546875
861,-121.7450885595675,40.02045860041555,824.220703125
862,-121.7450885595675,40.03293278041415,1014.0076293945312
863,-121.7450885595675,40.04540696041274,910.9376831054688
864,-121.7450885595675,40.05788114041133,797.4404907226562
865,-121.7450885595675,40.070355320409924,622.931396484375
866,-121.7450885595675,40.08282950040852,602.2368774414062
867,-121.7450885595675,40.09530368040711,792.4425048828125
868,-121.7450885595675,40.107777860405704,931.0265502929688
869,-121.7450885595675,40.120252040404296,835.4132080078125
870,-121.7450885595675,40.13272622040289,1017.6741943359375
871,-121.7450885595675,40.145200400401485,895.8298950195312
872,-121.7450885595675,40.15767458040008,943.6465454101562
873,-121.7450885595675,40.17014876039867,814.6096801757812
874,-121.7450885595675,40.18262294039726,655.81494140625
875,-121.7450885595675,40.19509712039585,926.1070556640625
876,-121.7450885595675,40.20757130039445,1242.4239501953125
877,-121.7450885595675,40.22004548039304,1235.4588623046875
878,-121.7450885595675,40.23251966039163,1159.0047607421875
879,-121.7450885595675,40.24499384039022,1120.1826171875
880,-121.7450885595675,40.25746802038882,1053.0728759765625
881,-121.7450885595675,40.26994220038741,1044.6171875
882,-121.7450885595675,40.282416380386,1064.1260986328125
883,-121.7450885595675,40.332313100380375,1122.9139404296875
884,-121.7450885595675,40.344787280378966,1114.5546875
885,-121.73371357956766,39.79592336044088,192.86375427246094
886,-121.73371357956766,39.80839754043948,449.89154052734375
887,-121.73371357956766,39.82087172043807,522.5803833007812
888,-121.73371357956766,39.83334590043666,494.9753112792969
889,-121.73371357956766,39.84582008043525,519.955322265625
890,-121.73371357956766,39.85829426043385,570.6884765625
891,-121.73371357956766,39.87076844043244,434.5379333496094
892,-121.73371357956766,39.883242620431034,577.0748291015625
893,-121.73371357956766,39.895716800429625,704.8482666015625
894,-121.73371357956766,39.908190980428216,713.609619140625
895,-121.73371357956766,39.920665160426815,813.640625
896,-121.73371357956766,39.933139340425406,889.2904052734375
897,-121.73371357956766,39.945613520424,880.246826171875
898,-121.73371357956766,39.95808770042259,886.9181518554688
899,-121.73371357956766,39.97056188042119,813.6278686523438
900,-121.73371357956766,39.98303606041978,968.0984497070312
901,-121.73371357956766,39.99551024041837,1079.927734375
902,-121.73371357956766,40.00798442041696,1084.2523193359375
903,-121.73371357956766,40.02045860041555,960.9893798828125
904,-121.73371357956766,40.03293278041415,1110.1915283203125
905,-121.73371357956766,40.04540696041274,961.1427612304688
906,-121.73371357956766,40.05788114041133,778.31103515625
907,-121.73371357956766,40.070355320409924,469.97802734375
908,-121.73371357956766,40.08282950040852,736.8045654296875
909,-121.73371357956766,40.09530368040711,897.3483276367188
910,-121.73371357956766,40.107777860405704,1077.7205810546875
911,-121.73371357956766,40.120252040404296,876.117431640625
912,-121.73371357956766,40.13272622040289,993.2687377929688
913,-121.73371357956766,40.145200400401485,960.4421997070312
914,-121.73371357956766,40.15767458040008,1015.928955078125
915,-121.73371357956766,40.17014876039867,858.2318725585938
916,-121.73371357956766,40.18262294039726,641.420654296875
917,-121.73371357956766,40.19509712039585,1068.527587890625
918,-121.73371357956766,40.20757130039445,1314.263916015625
919,-121.73371357956766,40.22004548039304,1253.1328125
920,-121.73371357956766,40.23251966039163,1145.517822265625
921,-121.73371357956766,40.24499384039022,1014.9906616210938
922,-121.73371357956766,40.25746802038882,1135.4285888671875
923,-121.73371357956766,40.26994220038741,1086.6131591796875
924,-121.73371357956766,40.282416380386,1050.7666015625
925,-121.73371357956766,40.294890560384594,1136.505859375
926,-121.72233859956783,39.79592336044088,390.9516906738281
927,-121.72233859956783,39.80839754043948,274.2419128417969
928,-121.72233859956783,39.82087172043807,243.8983917236328
929,-121.72233859956783,39.83334590043666,343.274658203125
930,-121.72233859956783,39.84582008043525,529.1221313476562
931,-121.72233859956783,39.85829426043385,620.006591796875
932,-121.72233859956783,39.87076844043244,656.6771850585938
933,-121.72233859956783,39.883242620431034,499.91790771484375
934,-121.72233859956783,39.895716800429625,586.8043823242188
935,-121.72233859956783,39.908190980428216,707.572265625
936,-121.72233859956783,39.920665160426815,822.4853515625
937,-121.72233859956783,39.933139340425406,902.90478515625
938,-121.72233859956783,39.945613520424,975.224609375
939,-121.72233859956783,39.95808770042259,954.6331787109375
940,-121.72233859956783,39.97056188042119,947.6610107421875
941,-121.72233859956783,39.98303606041978,1012.7073364257812
942,-121.72233859956783,39.99551024041837,1129.68212890625
943,-121.72233859956783,40.00798442041696,1143.5604248046875
944,-121.72233859956783,40.02045860041555,1155.7813720703125
945,-121.72233859956783,40.03293278041415,1212.71923828125
946,-121.72233859956783,40.04540696041274,996.4680786132812
947,-121.72233859956783,40.05788114041133,726.7390747070312
948,-121.72233859956783,40.070355320409924,540.1761474609375
949,-121.72233859956783,40.08282950040852,757.736328125
950,-121.72233859956783,40.09530368040711,967.3626708984375
951,-121.72233859956783,40.107777860405704,1091.4490966796875
952,-121.72233859956783,40.120252040404296,995.4957275390625
953,-121.72233859956783,40.13272622040289,1119.0655517578125
954,-121.72233859956783,40.145200400401485,1064.91796875
955,-121.72233859956783,40.15767458040008,956.573974609375
956,-121.72233859956783,40.17014876039867,747.6842651367188
957,-121.72233859956783,40.18262294039726,637.1827392578125
958,-121.72233859956783,40.19509712039585,979.2517700195312
959,-121.72233859956783,40.20757130039445,1282.16943359375
960,-121.72233859956783,40.22004548039304,1211.6448974609375
961,-121.72233859956783,40.23251966039163,1130.24072265625
962,-121.72233859956783,40.24499384039022,1159.4788818359375
963,-121.72233859956783,40.25746802038882,1219.6038818359375
964,-121.72233859956783,40.26994220038741,1189.0218505859375
965,-121.72233859956783,40.282416380386,1183.7552490234375
966,-121.71096361956799,39.82087172043807,519.4678344726562
967,-121.71096361956799,39.83334590043666,435.1055603027344
968,-121.71096361956799,39.84582008043525,313.146484375
969,-121.71096361956799,39.85829426043385,291.6925354003906
970,-121.71096361956799,39.87076844043244,355.15411376953125
971,-121.71096361956799,39.883242620431034,647.275146484375
972,-121.71096361956799,39.895716800429625,563.2235107421875
973,-121.71096361956799,39.908190980428216,817.2587280273438
974,-121.71096361956799,39.920665160426815,791.6149291992188
975,-121.71096361956799,39.933139340425406,887.2769775390625
976,-121.71096361956799,39.945613520424,925.73388671875
977,-121.71096361956799,39.95808770042259,1039.1427001953125
978,-121.71096361956799,39.97056188042119,1109.5543212890625
979,-121.71096361956799,39.98303606041978,1116.5137939453125
980,-121.71096361956799,39.99551024041837,1153.4007568359375
981,-121.71096361956799,40.00798442041696,1198.677490234375
982,-121.71096361956799,40.02045860041555,1127.4351806640625
983,-121.71096361956799,40.03293278041415,1060.7410888671875
984,-121.71096361956799,40.04540696041274,997.3370971679688
985,-121.71096361956799,40.05788114041133,793.5628662109375
986,-121.71096361956799,40.070355320409924,587.9609375
987,-121.71096361956799,40.08282950040852,882.2048950195312
988,-121.71096361956799,40.09530368040711,977.4764404296875
989,-121.71096361956799,40.107777860405704,1006.3137817382812
990,-121.71096361956799,40.120252040404296,1082.1002197265625
991,-121.71096361956799,40.13272622040289,1226.6768798828125
992,-121.71096361956799,40.145200400401485,1067.4305419921875
993,-121.71096361956799,40.15767458040008,951.7169189453125
994,-121.71096361956799,40.17014876039867,836.4557495117188
995,-121.71096361956799,40.18262294039726,670.3892822265625
996,-121.71096361956799,40.19509712039585,1042.3397216796875
997,-121.71096361956799,40.20757130039445,1270.5142822265625
998,-121.71096361956799,40.22004548039304,1189.936279296875
999,-121.71096361956799,40.23251966039163,1171.74609375
1000,-121.71096361956799,40.24499384039022,1177.197265625
1001,-121.71096361956799,40.25746802038882,1229.2430419921875
1002,-121.71096361956799,40.26994220038741,1268.7276611328125
1003,-121.69958863956815,39.84582008043525,502.35284423828125
1004,-121.69958863956815,39.85829426043385,423.6465148925781
1005,-121.69958863956815,39.87076844043244,382.828369140625
1006,-121.69958863956815,39.883242620431034,331.5046691894531
1007,-121.69958863956815,39.895716800429625,410.01287841796875
1008,-121.69958863956815,39.908190980428216,722.483642578125
1009,-121.69958863956815,39.920665160426815,875.1117553710938
1010,-121.69958863956815,39.933139340425406,855.131591796875
1011,-121.69958863956815,39.945613520424,987.4928588867188
1012,-121.69958863956815,39.95808770042259,1046.30810546875
1013,-121.69958863956815,39.97056188042119,1108.11328125
1014,-121.69958863956815,39.98303606041978,1111.0452880859375
1015,-121.69958863956815,39.99551024041837,1096.472412109375
1016,-121.69958863956815,40.00798442041696,1007.0660400390625
1017,-121.69958863956815,40.02045860041555,1073.2841796875
1018,-121.69958863956815,40.03293278041415,1177.7188720703125
1019,-121.69958863956815,40.04540696041274,1008.7883911132812
1020,-121.69958863956815,40.05788114041133,826.67431640625
1021,-121.69958863956815,40.070355320409924,621.8128662109375
1022,-121.69958863956815,40.08282950040852,781.9845581054688
1023,-121.69958863956815,40.09530368040711,909.7259521484375
1024,-121.69958863956815,40.107777860405704,946.8440551757812
1025,-121.69958863956815,40.120252040404296,1079.25
1026,-121.69958863956815,40.13272622040289,1120.8175048828125
1027,-121.69958863956815,40.145200400401485,1138.9833984375
1028,-121.69958863956815,40.15767458040008,1292.4873046875
1029,-121.69958863956815,40.17014876039867,1053.1761474609375
1030,-121.69958863956815,40.18262294039726,762.3500366210938
1031,-121.69958863956815,40.19509712039585,918.1597290039062
1032,-121.69958863956815,40.20757130039445,1256.29296875
1033,-121.69958863956815,40.22004548039304,1229.943359375
1034,-121.69958863956815,40.23251966039163,1203.9775390625
1035,-121.6882136595683,39.87076844043244,604.6694946289062
1036,-121.6882136595683,39.883242620431034,512.6114501953125
1037,-121.6882136595683,39.895716800429625,408.690673828125
1038,-121.6882136595683,39.908190980428216,434.98480224609375
1039,-121.6882136595683,39.920665160426815,710.0711669921875
1040,-121.6882136595683,39.933139340425406,862.7406005859375
1041,-121.6882136595683,39.945613520424,934.9287719726562
1042,-121.6882136595683,39.95808770042259,981.4130249023438
1043,-121.6882136595683,39.97056188042119,975.322509765625
1044,-121.6882136595683,39.98303606041978,877.4487915039062
1045,-121.6882136595683,39.99551024041837,837.3535766601562
1046,-121.6882136595683,40.00798442041696,1081.5213623046875
1047,-121.6882136595683,40.02045860041555,912.9705200195312
1048,-121.6882136595683,40.03293278041415,962.638427734375
1049,-121.6882136595683,40.04540696041274,973.9356079101562
1050,-121.6882136595683,40.05788114041133,793.5216064453125
1051,-121.6882136595683,40.070355320409924,664.7958374023438
1052,-121.6882136595683,40.08282950040852,603.6954345703125
1053,-121.6882136595683,40.09530368040711,850.1602783203125
1054,-121.6882136595683,40.107777860405704,837.3324584960938
1055,-121.6882136595683,40.120252040404296,859.8711547851562
1056,-121.6882136595683,40.13272622040289,1038.407470703125
1057,-121.6882136595683,40.145200400401485,1082.46484375
1058,-121.6882136595683,40.15767458040008,1267.08837890625
1059,-121.6882136595683,40.17014876039867,1040.4935302734375
1060,-121.6882136595683,40.18262294039726,826.5435180664062
1061,-121.6882136595683,40.19509712039585,763.0252075195312
1062,-121.6882136595683,40.20757130039445,1178.85205078125
1063,-121.6882136595683,40.22004548039304,1276.907958984375
1064,-121.67683867956846,39.895716800429625,679.652099609375
1065,-121.67683867956846,39.908190980428216,654.0035400390625
1066,-121.67683867956846,39.920665160426815,528.5980224609375
1067,-121.67683867956846,39.933139340425406,739.4996948242188
1068,-121.67683867956846,39.945613520424,693.5701293945312
1069,-121.67683867956846,39.95808770042259,788.9774169921875
1070,-121.67683867956846,39.97056188042119,814.6160278320312
1071,-121.67683867956846,39.98303606041978,809.0531005859375
1072,-121.67683867956846,39.99551024041837,940.364990234375
1073,-121.67683867956846,40.00798442041696,844.4797973632812
1074,-121.67683867956846,40.02045860041555,941.2847900390625
1075,-121.67683867956846,40.03293278041415,962.6497192382812
1076,-121.67683867956846,40.04540696041274,1112.116455078125
1077,-121.67683867956846,40.05788114041133,954.7369384765625
1078,-121.67683867956846,40.070355320409924,903.87255859375
1079,-121.67683867956846,40.08282950040852,700.5392456054688
1080,-121.67683867956846,40.09530368040711,737.39208984375
1081,-121.67683867956846,40.107777860405704,769.9244995117188
1082,-121.67683867956846,40.120252040404296,813.1384887695312
1083,-121.67683867956846,40.13272622040289,892.6061401367188
1084,-121.67683867956846,40.145200400401485,1229.036865234375
1085,-121.67683867956846,40.15767458040008,1249.969970703125
1086,-121.67683867956846,40.17014876039867,1224.4117431640625
1087,-121.67683867956846,40.18262294039726,1060.2132568359375
1088,-121.67683867956846,40.19509712039585,747.9849243164062
1089,-121.67683867956846,40.20757130039445,1232.0899658203125
1090,-121.67683867956846,40.22004548039304,1362.525634765625
1091,-121.66546369956862,39.908190980428216,772.3511962890625
1092,-121.66546369956862,39.920665160426815,780.1592407226562
1093,-121.66546369956862,39.933139340425406,736.01025390625
1094,-121.66546369956862,39.945613520424,810.0376586914062
1095,-121.66546369956862,39.95808770042259,754.2433471679688
1096,-121.66546369956862,39.97056188042119,805.126953125
1097,-121.66546369956862,39.98303606041978,711.0036010742188
1098,-121.66546369956862,39.99551024041837,733.444091796875
1099,-121.66546369956862,40.00798442041696,957.2603759765625
1100,-121.66546369956862,40.02045860041555,1006.416748046875
1101,-121.66546369956862,40.03293278041415,1079.4456787109375
1102,-121.66546369956862,40.04540696041274,1189.4658203125
1103,-121.66546369956862,40.05788114041133,1233.9791259765625
1104,-121.66546369956862,40.070355320409924,915.4091796875
1105,-121.66546369956862,40.08282950040852,778.228759765625
1106,-121.66546369956862,40.09530368040711,851.798583984375
1107,-121.66546369956862,40.107777860405704,873.350341796875
1108,-121.66546369956862,40.120252040404296,703.5635986328125
1109,-121.66546369956862,40.13272622040289,993.9010009765625
1110,-121.66546369956862,40.145200400401485,1181.6905517578125
1111,-121.66546369956862,40.15767458040008,1314.6214599609375
1112,-121.66546369956862,40.17014876039867,1177.2176513671875
1113,-121.66546369956862,40.18262294039726,1141.48876953125
1114,-121.66546369956862,40.19509712039585,825.5548706054688
1115,-121.66546369956862,40.20757130039445,958.3364868164062
1116,-121.66546369956862,40.22004548039304,1396.6334228515625
1117,-121.65408871956878,39.933139340425406,913.4554443359375
1118,-121.65408871956878,39.945613520424,1005.8098754882812
1119,-121.65408871956878,39.95808770042259,979.78076171875
1120,-121.65408871956878,39.97056188042119,968.1845703125
1121,-121.65408871956878,39.98303606041978,923.1041870117188
1122,-121.65408871956878,39.99551024041837,807.321533203125
1123,-121.65408871956878,40.00798442041696,797.4629516601562
1124,-121.65408871956878,40.02045860041555,947.0919799804688
1125,-121.65408871956878,40.03293278041415,1001.254150390625
1126,-121.65408871956878,40.04540696041274,1099.3775634765625
1127,-121.65408871956878,40.05788114041133,1132.582763671875
1128,-121.65408871956878,40.070355320409924,1108.204833984375
1129,-121.65408871956878,40.08282950040852,955.7015991210938
1130,-121.65408871956878,40.09530368040711,908.6038208007812
1131,-121.65408871956878,40.107777860405704,804.8789672851562
1132,-121.65408871956878,40.120252040404296,837.810546875
1133,-121.65408871956878,40.13272622040289,768.4429931640625
1134,-121.65408871956878,40.145200400401485,795.0703125
1135,-121.65408871956878,40.15767458040008,927.542236328125
1136,-121.65408871956878,40.17014876039867,1005.1262817382812
1137,-121.65408871956878,40.18262294039726,1193.0277099609375
1138,-121.65408871956878,40.19509712039585,1076.5552978515625
1139,-121.65408871956878,40.20757130039445,835.1465454101562
1140,-121.65408871956878,40.22004548039304,1384.74267578125
1141,-121.65408871956878,40.23251966039163,1481.5963134765625
1142,-121.64271373956893,39.98303606041978,950.1787719726562
1143,-121.64271373956893,39.99551024041837,996.6145629882812
1144,-121.64271373956893,40.00798442041696,946.5064086914062
1145,-121.64271373956893,40.02045860041555,863.5213623046875
1146,-121.64271373956893,40.03293278041415,910.1741333007812
1147,-121.64271373956893,40.04540696041274,932.47900390625
1148,-121.64271373956893,40.05788114041133,912.9257202148438
1149,-121.64271373956893,40.070355320409924,1063.2200927734375
1150,-121.64271373956893,40.08282950040852,1042.447265625
1151,-121.64271373956893,40.09530368040711,1083.739990234375
1152,-121.64271373956893,40.107777860405704,897.6849365234375
1153,-121.64271373956893,40.120252040404296,946.8604736328125
1154,-121.64271373956893,40.13272622040289,1044.84765625
1155,-121.64271373956893,40.145200400401485,1109.9788818359375
1156,-121.64271373956893,40.15767458040008,940.74169921875
1157,-121.64271373956893,40.17014876039867,986.3655395507812
1158,-121.64271373956893,40.18262294039726,1234.6737060546875
1159,-121.64271373956893,40.19509712039585,1156.53369140625
1160,-121.64271373956893,40.20757130039445,962.983154296875
1161,-121.64271373956893,40.22004548039304,1070.5208740234375
1162,-121.64271373956893,40.23251966039163,1464.357421875
1163,-121.6313387595691,40.02045860041555,1062.3358154296875
1164,-121.6313387595691,40.03293278041415,989.6768188476562
1165,-121.6313387595691,40.04540696041274,894.0508422851562
1166,-121.6313387595691,40.05788114041133,1090.7325439453125
1167,-121.6313387595691,40.070355320409924,1182.909912109375
1168,-121.6313387595691,40.08282950040852,1233.0042724609375
1169,-121.6313387595691,40.09530368040711,1292.5325927734375
1170,-121.6313387595691,40.107777860405704,881.3255615234375
1171,-121.6313387595691,40.120252040404296,1027.371826171875
1172,-121.6313387595691,40.13272622040289,992.3104858398438
1173,-121.6313387595691,40.145200400401485,1154.921142578125
1174,-121.6313387595691,40.15767458040008,1193.4466552734375
1175,-121.6313387595691,40.17014876039867,887.8612670898438
1176,-121.6313387595691,40.18262294039726,1186.7972412109375
1177,-121.6313387595691,40.19509712039585,1430.2889404296875
1178,-121.6313387595691,40.20757130039445,1402.3699951171875
1179,-121.6313387595691,40.22004548039304,936.6341552734375
1180,-121.6313387595691,40.23251966039163,1458.7598876953125
1181,-121.6313387595691,40.24499384039022,1518.951416015625
1182,-121.6313387595691,40.25746802038882,1618.75634765625
1183,-121.61996377956926,40.04540696041274,1034.7069091796875
1184,-121.61996377956926,40.05788114041133,1071.4498291015625
1185,-121.61996377956926,40.070355320409924,1070.9598388671875
1186,-121.61996377956926,40.08282950040852,1253.48876953125
1187,-121.61996377956926,40.09530368040711,1202.3055419921875
1188,-121.61996377956926,40.107777860405704,1062.6470947265625
1189,-121.61996377956926,40.120252040404296,1264.1033935546875
1190,-121.61996377956926,40.13272622040289,1048.617431640625
1191,-121.61996377956926,40.145200400401485,1212.6656494140625
1192,-121.61996377956926,40.15767458040008,1176.1094970703125
1193,-121.61996377956926,40.17014876039867,1003.795166015625
1194,-121.61996377956926,40.18262294039726,1151.93994140625
1195,-121.61996377956926,40.19509712039585,1530.47216796875
1196,-121.61996377956926,40.20757130039445,1567.6627197265625
1197,-121.61996377956926,40.22004548039304,966.5842895507812
1198,-121.61996377956926,40.23251966039163,1537.88427734375
1199,-121.61996377956926,40.24499384039022,1608.9825439453125
1200,-121.61996377956926,40.25746802038882,1643.112060546875
1201,-121.61996377956926,40.26994220038741,1733.6580810546875
1202,-121.60858879956942,40.070355320409924,1252.57958984375
1203,-121.60858879956942,40.08282950040852,1340.6376953125
1204,-121.60858879956942,40.09530368040711,1146.8233642578125
1205,-121.60858879956942,40.107777860405704,1151.6446533203125
1206,-121.60858879956942,40.120252040404296,1254.87890625
1207,-121.60858879956942,40.13272622040289,1148.6002197265625
1208,-121.60858879956942,40.145200400401485,1184.2613525390625
1209,-121.60858879956942,40.17014876039867,1105.862060546875
1210,-121.60858879956942,40.18262294039726,1195.6046142578125
1211,-121.60858879956942,40.19509712039585,1454.74560546875
1212,-121.60858879956942,40.20757130039445,1592.6043701171875
1213,-121.60858879956942,40.22004548039304,1105.300048828125
1214,-121.60858879956942,40.23251966039163,1319.8525390625
1215,-121.60858879956942,40.24499384039022,1690.3770751953125
1216,-121.60858879956942,40.25746802038882,1659.799560546875
1217,-121.60858879956942,40.26994220038741,1682.74267578125
1218,-121.60858879956942,40.282416380386,1877.4486083984375
1219,-121.59721381956957,40.08282950040852,1250.2108154296875
1220,-121.59721381956957,40.09530368040711,1271.0263671875
1221,-121.59721381956957,40.107777860405704,1246.8350830078125
1222,-121.59721381956957,40.120252040404296,1224.39990234375
1223,-121.59721381956957,40.13272622040289,1329.621826171875
1224,-121.59721381956957,40.145200400401485,1327.8331298828125
1225,-121.59721381956957,40.17014876039867,1115.4197998046875
1226,-121.59721381956957,40.20757130039445,1628.2159423828125
1227,-121.59721381956957,40.22004548039304,1331.9422607421875
1228,-121.59721381956957,40.23251966039163,1110.060546875
1229,-121.59721381956957,40.24499384039022,1684.981201171875
1230,-121.59721381956957,40.25746802038882,1681.0198974609375
1231,-121.59721381956957,40.26994220038741,1855.915283203125
1232,-121.59721381956957,40.282416380386,1903.1036376953125
1233,-121.59721381956957,40.294890560384594,1691.6470947265625
1234,-121.59721381956957,40.307364740383186,1868.8480224609375
1235,-121.58583883956973,40.09530368040711,1232.7720947265625
1236,-121.58583883956973,40.107777860405704,1308.8994140625
1237,-121.58583883956973,40.120252040404296,1207.9947509765625
1238,-121.58583883956973,40.13272622040289,1360.322021484375
1239,-121.58583883956973,40.145200400401485,1269.9027099609375
1240,-121.58583883956973,40.22004548039304,1649.844482421875
1241,-121.58583883956973,40.23251966039163,1147.2823486328125
1242,-121.58583883956973,40.24499384039022,1405.373291015625
1243,-121.58583883956973,40.25746802038882,1734.004638671875
1244,-121.58583883956973,40.26994220038741,1911.30224609375
1245,-121.58583883956973,40.282416380386,1734.154541015625
1246,-121.58583883956973,40.294890560384594,1585.9002685546875
1247,-121.58583883956973,40.307364740383186,1631.4501953125
1248,-121.58583883956973,40.319838920381784,1675.4488525390625
1249,-121.57446385956989,40.23251966039163,1418.7091064453125
1250,-121.57446385956989,40.24499384039022,1160.2950439453125
1251,-121.57446385956989,40.25746802038882,1423.3658447265625
1252,-121.57446385956989,40.26994220038741,1771.2989501953125
1253,-121.57446385956989,40.282416380386,1415.0927734375
1254,-121.57446385956989,40.294890560384594,1337.6396484375
1255,-121.57446385956989,40.307364740383186,1421.3367919921875
1256,-121.57446385956989,40.319838920381784,1466.067626953125
1257,-121.57446385956989,40.332313100380375,1629.0125732421875
1258,-121.56308887957005,40.23251966039163,1721.380126953125
1259,-121.56308887957005,40.24499384039022,1367.4290771484375
1260,-121.56308887957005,40.25746802038882,1279.220703125
1261,-121.56308887957005,40.26994220038741,1364.0626220703125
1262,-121.56308887957005,40.282416380386,1244.148193359375
1263,-121.56308887957005,40.294890560384594,1519.469482421875
1264,-121.56308887957005,40.307364740383186,1308.5794677734375
1265,-121.56308887957005,40.319838920381784,1510.31298828125
1266,-121.56308887957005,40.332313100380375,1714.9835205078125
1267,-121.56308887957005,40.344787280378966,1556.73388671875
1268,-121.56308887957005,40.35726146037756,1555.08203125
1269,-121.5517138995702,40.24499384039022,1691.7874755859375
1270,-121.5517138995702,40.25746802038882,1417.702392578125
1271,-121.5517138995702,40.26994220038741,1259.6571044921875
1272,-121.5517138995702,40.282416380386,1466.3995361328125
1273,-121.5517138995702,40.294890560384594,1733.4581298828125
1274,-121.5517138995702,40.307364740383186,1404.54345703125
1275,-121.5517138995702,40.319838920381784,1519.2154541015625
1276,-121.5517138995702,40.332313100380375,1885.4600830078125
1277,-121.5517138995702,40.344787280378966,1643.5362548828125
1278,-121.5517138995702,40.35726146037756,1696.232421875
1279,-121.54033891957037,40.25746802038882,1724.509521484375
1280,-121.54033891957037,40.26994220038741,1519.2855224609375
1281,-121.54033891957037,40.282416380386,1738.8040771484375
1282,-121.54033891957037,40.294890560384594,1737.9227294921875
1283,-121.54033891957037,40.307364740383186,1563.552001953125
1284,-121.54033891957037,40.319838920381784,1483.3502197265625
1285,-121.54033891957037,40.332313100380375,1778.5133056640625
1286,-121.54033891957037,40.344787280378966,1698.649169921875
1287,-121.54033891957037,40.35726146037756,1754.7080078125
1288,-121.52896393957053,40.282416380386,1713.017822265625
1289,-121.52896393957053,40.307364740383186,1627.663330078125
1290,-121.52896393957053,40.319838920381784,1396.0006103515625
1291,-121.52896393957053,40.332313100380375,1769.484130859375
1292,-121.52896393957053,40.344787280378966,1521.52392578125
1293,-121.50621397957084,40.344787280378966,1714.931396484375
1294,-121.50621397957084,40.35726146037756,1531.6759033203125
